url,cluster_name,h1
https://pt.wix.com/blog/2019/01/exemplo-mensagens-ausencia-escritorio-email/,Business,Os 7 melhores exemplos de mensagem de ausência
https://pt.wix.com/blog/2019/04/melhores-programas-edicao-fotos/,Photography,Os 20 melhores editores de fotos gratuitos
https://pt.wix.com/blog/2020/01/melhores-fontes-para-logos/,Marketing,Fontes para logo: 30 fontes para um logo inesquecível
https://pt.wix.com/blog/2019/05/ideias-de-negocios-trabalhar-de-casa/,Business,Independência financeira: 70+ ideias para trabalhar em casa
https://pt.wix.com/blog/2021/09/como-escrever-perfil-profissional,Business,Como escrever um perfil profissional (com exemplos)
https://pt.wix.com/blog/2023/10/sites-de-inteligencia-artificial/,Website creation,Os 13 melhores sites de inteligência artificial para criar sites profissionais
https://pt.wix.com/blog/2019/12/como-criar-landing-page,Website creation,Como criar uma landing page em menos de uma hora
https://pt.wix.com/blog/2019/03/como-escrever-email-apresentacao,Marketing,Como se apresentar em um email de forma profissional (com exemplos)
https://pt.wix.com/blog/2022/07/combinacoes-cores-logotipo,Marketing,26 lindas combinações de cores para logomarca
https://pt.wix.com/blog/2022/02/guia-tamanho-de-logo,Marketing,Tamanho de logo: qual o ideal para a sua marca?
https://pt.wix.com/blog/2018/04/sites-gratis-armazenamento-imagens,Website creation,As 20 melhores plataformas para hospedar imagens em 2024
https://pt.wix.com/blog/2022/05/como-comecar-blog,Website creation,Como criar um blog em 2024: o guia completo
https://pt.wix.com/blog/2021/06/negocios-lucrativos-para-comecar-com-pouco-dinheiro,Business,Negócios lucrativos: 17 ideias de baixo investimento para começar a empreender
https://pt.wix.com/blog/2019/08/paletas-de-cores-para-sites,Web design,Design & inspiração: 50 paletas de cores para sites
https://pt.wix.com/blog/2015/07/10-pegadinhas-hilarias-para-fazer-entre-colegas-de-trabalho/,Business,10 Pegadinhas Hilárias Para Fazer Entre Colegas de Trabalho
https://pt.wix.com/blog/2020/12/como-vender-online-com-print-on-demand,eCommerce,Como vender online com print on demand
https://pt.wix.com/blog/2016/09/como-construir-uma-marca-na-internet-guia-completo,Marketing,Como criar uma marca do zero em 10 etapas simples
https://pt.wix.com/blog/2021/05/melhores-sites-de-portfolio,Website creation,Os 11 melhores sites de portfólio para te inspirar
https://pt.wix.com/blog/2022/09/blog-exemplos,Website creation,7 exemplos de blogs incríveis para se inspirar
https://pt.wix.com/blog/2023/02/melhores-sites-de-hospedagem/,Website creation,Melhores sites de hospedagem para pequenas empresas no Brasil
https://pt.wix.com/blog/2019/04/exemplos-portfolios-arte-design,Website creation,20 exemplos de portfólio de arte e design
https://pt.wix.com/blog/2018/07/exemplos-portfolio-modelo,Website creation,Como criar um portfólio de modelo incrível com exemplos
https://pt.wix.com/blog/2018/11/melhores-pareamentos-fontes,Web design,Os 10 melhores exemplos de fontes que combinam para seu site
https://pt.wix.com/blog/2023/12/melhores-programas-para-criar-logo/,Marketing,Os 23 melhores programas para criar logotipos com IA (ou sem)
https://pt.wix.com/blog/2019/05/quanto-custa-registro-dominio,Website creation,Quanto custa um domínio?
https://pt.wix.com/blog/2022/12/como-fazer-um-portfolio-digital/,Website creation,Como fazer um portfólio digital em 10 passos
https://pt.wix.com/blog/2021/02/tendencias-de-design-de-logo,Marketing,10 tendências de design de logo para conhecer em 2024
https://pt.wix.com/blog/2019/03/como-criar-site-pagina-unica,Website creation,"Site one page: o que é, como criar e por que você precisa de um"
https://pt.wix.com/blog/2022/02/elementos-estrutura-de-um-site,Website creation,Quais os elementos essenciais da estrutura de um site?
https://pt.wix.com/blog/2023/01/tipos-de-blog/,Website creation,Tipos de blog: Conheça os 20 mais populares e crie já o seu
https://pt.wix.com/blog/2019/04/como-criar-site-guia,Website creation,Guia Completo: Como Criar um Site
https://pt.wix.com/blog/2023/02/quanto-custa-um-logotipo/,Marketing,Quanto custa um logotipo?
https://pt.wix.com/blog/2022/04/monetizacao-como-ganhar-dinheiro-na-internet,Business,36 exemplos de como ganhar dinheiro na internet
https://pt.wix.com/blog/2022/09/psicologia-logo/,Marketing,"A psicologia dos logos: como as cores, formas e fontes impactam sua marca"
https://pt.wix.com/blog/2022/08/como-criar-nft,Web design,Como criar um NFT (e o que todo artista deve saber sobre criptografia)
https://pt.wix.com/blog/2019/09/o-que-e-efeito-rolagem-parallax-exemplos/,Website creation,"Efeito parallax: o que é, como fazer e exemplos"
https://pt.wix.com/blog/2012/07/paginas-de-contato-criativas-e-eficientes/,Website creation,19 Páginas de Contato Criativas e Eficientes
https://pt.wix.com/blog/2015/04/5-formas-criativas-de-usar-o-rodape-de-seu-site,Web design,Como criar o rodapé do site (com 17 exemplos)
https://pt.wix.com/blog/2019/01/como-ganhar-dinheiro-com-blog,Website creation,Como ganhar dinheiro com blog: 15 dicas de monetização
https://pt.wix.com/blog/2022/06/melhores-logos,Marketing,Os 15 melhores logos para você se inspirar
https://pt.wix.com/blog/2023/09/nome-para-loja-virtual/,eCommerce,Como escolher um excelente nome para loja virtual
https://pt.wix.com/blog/2019/09/como-registrar-dominio-guia,Website creation,Como registrar um domínio para seu site em 5 passos
https://pt.wix.com/blog/2018/08/7-principios-design-sites,Web design,Os 7 princípios do design e como aplicá-los ao criar o seu site
https://pt.wix.com/blog/2022/10/logos-famosos/,Marketing,20 logos famosos com 20 curiosidades
https://pt.wix.com/blog/2019/07/novos-templates-para-sites-wix,Website creation,#ERROR!
https://pt.wix.com/blog/2018/07/como-criar-um-site-profissional-para-prestacao-de-servicos,Website creation,Como criar um site de prestação de serviços: o guia definitivo
https://pt.wix.com/blog/2018/11/portfolios-fotografia,Photography,Esses 10 incríveis portfólios de fotografia vão te inspirar
https://pt.wix.com/blog/2020/02/como-escolher-as-cores-da-sua-marca,Marketing,Como Escolher as Cores da Sua Marca
https://pt.wix.com/blog/2019/01/como-identificar-fontes-imagem-upload-para-site,Web design,Como identificar fontes em imagens e fazer upload para seu site
https://pt.wix.com/blog/2020/10/como-criar-um-manual-de-identidade-visual,Marketing,Como criar um Manual de Identidade Visual (MIV) para impulsionar seu negócio
https://pt.wix.com/blog/2018/10/como-ganhar-dinheiro-sendo-fotografo,Photography,Como Ganhar Dinheiro com Fotografia
https://pt.wix.com/blog/2019/08/favicon-o-que-e-como-usar,Marketing,O que é favicon e porque você precisa de um
https://pt.wix.com/blog/2019/12/quanto-custa-um-site-profissional,Website creation,Quanto custa um site? Tudo o que você precisa saber
https://pt.wix.com/blog/2018/12/melhores-sites-hospedagem-podcasts/,Website creation,As 10 melhores plataformas de podcast
https://pt.wix.com/blog/2023/08/extensoes-de-dominio/,Website creation,"Entenda qual a diferença entre .com, .com.br, .org e .net"
https://pt.wix.com/blog/2015/02/como-criar-um-convite-online-para-uma-festa/,Website creation,Como fazer um convite virtual: o passo a passo com exemplos para se inspirar
https://pt.wix.com/blog/2021/07/catalogo-de-cores-para-criar-logos,Marketing,Catálogo de Cores para Logos — e Mais Dicas Valiosas Para Escolher Sua Paleta de Cores
https://pt.wix.com/blog/2022/04/exemplos-sites-de-restaurantes/,Website creation,15 exemplos de sites de restaurantes para te inspirar
https://pt.wix.com/blog/2021/07/forum-online-como-criar,Website creation,Fórum Online: o que é e como criar o seu
https://pt.wix.com/blog/2021/11/melhores-templates-para-site-de-ecommerce/,eCommerce,Os 27 melhores templates para loja virtual
https://pt.wix.com/blog/2018/04/guia-como-criar-loja-virtual,eCommerce,Como montar uma loja virtual em 13 passos
https://pt.wix.com/blog/2018/05/como-criar-site-casamento-gratis,Website creation,Passo a passo de como fazer um site de casamento grátis
https://pt.wix.com/blog/2019/08/pixel-do-facebook-como-instalar-usar,Marketing,Pixel do Facebook: Como Instalar e Usar em Seus Anúncios
https://pt.wix.com/blog/2015/10/sites-comerciais-criados-com-wix,Website creation,20 Sites Comerciais Incríveis Criados com o Wix
https://pt.wix.com/blog/2019/03/como-criar-um-site-multilingue,Website creation,Como Criar um Site Internacional Multilíngue para Expandir Seu Público
https://pt.wix.com/blog/2021/04/guia-como-criar-um-logo,Marketing,Como criar uma logomarca: o guia completo
https://pt.wix.com/blog/2019/11/melhores-exemplos-pagina-de-erro-404,Website creation,O que é erro 404 (com 15 exemplos de páginas criativas)
https://pt.wix.com/blog/2015/03/usando-imagens-como-background,Web design,5 Dicas para Usar e Abusar de Imagens como Background em Seu Site
https://pt.wix.com/blog/2022/10/o-que-e-subdominio/,Website creation,"O que é subdomínio? Definição, exemplos e como criar o seu"
https://pt.wix.com/blog/2021/02/tendencias-de-web-design,Web design,20 tendências de design para ficar de olho em 2024
https://pt.wix.com/blog/2019/10/como-criar-formulario-online,Website creation,Como Criar Um Formulário Online Usando o Wix
https://pt.wix.com/blog/2019/09/como-escolher-um-nome-de-dominio,Website creation,Como escolher um nome de domínio para seu site
https://pt.wix.com/blog/2022/10/ecommerce-exemplos/,eCommerce,14 melhores exemplos de sites de eCommerce
https://pt.wix.com/blog/2022/02/tamanho-texto-para-blog,Website creation,Qual o tamanho ideal para um post de blog em 2024?
https://pt.wix.com/blog/2022/03/guia-sites-dinamicos-e-estaticos/,Website creation,"Sites dinâmicos x Sites estáticos: diferenças, vantagens e qual usar"
https://pt.wix.com/blog/2015/02/20-ideias-criativas-para-a-prestacao-de-servicos/,Business,20 Ideias Criativas Para a Prestação de Serviços
https://pt.wix.com/blog/2015/08/ergonomia-no-trabalho,Business,Exercícios de Ergonomia Para Trazer Bem Estar No Trabalho
https://pt.wix.com/blog/2018/10/criador-logo-wix-melhor-maneira-fazer-seu-logo,Marketing,Criador de logo Wix: a melhor maneira de fazer seu logo online
https://pt.wix.com/blog/2023/04/portfolio-profissional/,Website creation,O que é portfólio profissional e como fazer o seu
https://pt.wix.com/blog/2023/10/o-que-e-threads/,Marketing,O que é threads? Saiba mais sobre esta nova rede social
https://pt.wix.com/blog/2021/06/como-criar-um-site-pessoal,Website creation,"Site pessoal: como criar, dicas e templates"
https://pt.wix.com/blog/2022/06/melhores-templates-blog,Website creation,25 melhores templates para blog em 2024
https://pt.wix.com/blog/2018/07/dicas-design-logo/,Marketing,Dicas de logo: o que fazer (e o que evitar)
https://pt.wix.com/blog/2022/05/o-que-e-logo/,Marketing,O que é logo e por que ele é importante para sua marca
https://pt.wix.com/blog/2022/10/melhores-ideias-negocios/,Business,45 melhores ideias de negócios que você pode começar hoje
https://pt.wix.com/blog/2020/11/o-que-e-dropshipping/,eCommerce,O que é dropshipping e como utilizá-lo para vender mais
https://pt.wix.com/blog/2018/07/divulgar-site-gratuitamente,Marketing,10 formas eficientes de divulgar seu site gratuitamente
https://pt.wix.com/blog/2021/05/tipos-de-landing-pages-para-todos-os-negocios-online,Website creation,10 tipos de landing pages e como usá-las para expandir seu negócio online
https://pt.wix.com/blog/2014/01/site-ideal-para-voce,Website creation,Quais são os tipos de sites mais populares?
https://pt.wix.com/blog/2023/02/o-que-e-blog,Website creation,"O que é blog? Definição, tipos e por que você precisa de um"
https://pt.wix.com/blog/2021/10/site-de-fotografia-criar/,Photography,Como criar um site de fotografia em 12 passos
https://pt.wix.com/blog/2021/04/como-montar-uma-loja-virtual-de-roupas,eCommerce,Como montar uma loja de roupas virtual bem sucedida
https://pt.wix.com/blog/2018/09/como-criar-site-hotel-pousada,Website creation,Como criar um site de hotel: um guia passo a passo
https://pt.wix.com/blog/2018/03/30-ideias-rapidas-para-newsletters,Marketing,30 Ideias para Newsletters que Vão Interessar aos Seus Leitores
https://pt.wix.com/blog/2020/10/como-criar-politica-de-privacidade/,Website creation,Como escrever uma política de privacidade para o seu site
https://pt.wix.com/blog/2020/11/como-fazer-um-plano-de-negocios-passo-a-passo/,Business,Plano de negócios: o que é e como fazer (com modelo grátis)
https://pt.wix.com/blog/2021/12/guia-otimizar-velocidade-do-site,Website creation,Page speed: um guia para otimizar a velocidade do site
https://pt.wix.com/blog/2021/03/guia-como-criar-negocio-de-caixas-de-assinatura,Business,Como montar um clube de assinatura
https://pt.wix.com/blog/2022/08/o-que-e-landing-page,Website creation,O que é uma landing page? O guia completo (com exemplos)
https://pt.wix.com/blog/2018/08/tipos-diferentes-de-arquivos,Web design,Os diferentes tipos de arquivos e como usá-los
https://pt.wix.com/blog/2024/02/fornecedores-dropshipping/,eCommerce,Os 13 melhores fornecedores de dropshipping
https://pt.wix.com/blog/2018/10/como-ter-email-personalizado,Business,Entenda como criar um email profissional e eleve a sua marca
https://pt.wix.com/blog/2015/06/dicas-fotografar-seus-produtos/,eCommerce,Fotos de produtos: dicas de como tirar fotos de produtos para vender
https://pt.wix.com/blog/2014/02/15-sites-em-breve-que-fazem-o-visitante-voltar-a-visita-lo,Website creation,Site em construção: o que é e como criar (com exemplos e templates)
https://pt.wix.com/blog/2024/01/inteligencia-artificial-para-escrever-textos-de-blog/,Website creation,Como usar inteligência artificial para escrever textos de blog
https://pt.wix.com/blog/2021/08/o-que-e-web-design,Web design,O que é web design: um guia completo
https://pt.wix.com/blog/2022/10/tipos-de-logo/,Marketing,Tipos de logo: quais são e como usá-los de forma eficaz
https://pt.wix.com/blog/2017/02/8-truques-para-encontrar-tudo-o-que-voce-procura-no-google,Marketing,8 Truques Para Encontrar Tudo O Que Você Procura No Google
https://pt.wix.com/blog/2023/11/o-que-e-wix/,Website creation,O que é Wix e por que usá-lo? Saiba mais sobre esse poderoso criador de sites
https://pt.wix.com/blog/2018/08/o-que-e-vimeo-como-criar-conta,Marketing,O Que é Vimeo e Como Criar Sua Própria Conta
https://pt.wix.com/blog/2022/10/como-vender-online/,eCommerce,Guia passo a passo de como vender pela internet
https://pt.wix.com/blog/2018/10/como-ter-seu-site-encontrado-no-google,Marketing,Como Ter Seu Site Encontrado no Google em 6 Passos
https://pt.wix.com/blog/2024/03/como-ganhar-dinheiro-com-inteligencia-artificial/,Business,Como ganhar dinheiro com inteligência artificial
https://pt.wix.com/blog/2022/03/design-header-de-site/,Web design,Cabeçalho de site: melhores práticas para capturar a atenção dos seus visitantes
https://pt.wix.com/blog/2015/08/escolher-o-nome-perfeito-para-o-seu-negocio/,Business,Como criar um nome de empresa: o guia criativo
https://pt.wix.com/blog/2018/05/dicas-graficos-tabelas,Marketing,Gráficos e Tabelas: 6 Dicas Infalíveis para Apresentar Números
https://pt.wix.com/blog/2018/11/como-conseguir-acessos-para-loja-virtual/,eCommerce,8 Maneiras comprovadas de gerar tráfego para sua loja virtual
https://pt.wix.com/blog/2022/05/frete-para-ecommerce,eCommerce,Frete para eCommerce: um guia sobre envios de loja online
https://pt.wix.com/blog/2018/12/como-escrever-descricoes-produtos,eCommerce,Como escrever a descrição de produto ideal para a sua loja virtual
https://pt.wix.com/blog/2017/12/como-otimizar-imagens-para-seu-site,Photography,Guia prático de como melhorar a qualidade de uma imagem
https://pt.wix.com/blog/2019/03/ideas-posts-redes-sociais,Marketing,16 Ideias de Posts para Redes Sociais que Funcionam
https://pt.wix.com/blog/2014/05/criar-uma-newsletter-com-o-wix,Marketing,Aprenda a Criar Uma Newsletter Perfeita com o Novo ShoutOut do Wix
https://pt.wix.com/blog/2014/09/o-que-sao-palavras-chave,Marketing,O que são palavras-chave e como utilizá-las?
https://pt.wix.com/blog/2013/10/novo-mobile-wix,Website creation,"Nova Solução Mobile do Wix – Sites Mobile Melhores, Mais Rápidos e 100% Grátis!"
https://pt.wix.com/blog/2020/12/guia-para-vender-brindes-personalizados-com-print-on-demand,eCommerce,Como Ganhar Dinheiro com Brindes Personalizados Utilizando Print on Demand
https://pt.wix.com/blog/2021/09/quais-sao-os-tipos-de-empreendedorismo,Business,Os 10 tipos de empreendedorismo mais populares
https://pt.wix.com/blog/2022/07/como-escrever-post-blog,Website creation,Como escrever um post de blog passo a passo
https://pt.wix.com/blog/2018/05/12-templates-incriveis-para-sites-de-video-e-entretenimento,Website creation,12 Templates Incríveis para Sites de Vídeo e Entretenimento
https://pt.wix.com/blog/2023/11/formas-para-logotipo/,Marketing,Formas para logotipo: como elas influenciam na percepção da sua marca
https://pt.wix.com/blog/2019/09/integracoes-marketing-wix,Marketing,10 integrações de marketing do Wix para melhorar a performance do site
https://pt.wix.com/blog/2017/04/use-ancoras-para-fazer-a-navegacao-do-seu-site-mais-natural,Web design,Use Âncoras para Fazer a Navegação do Seu Site Mais Natural
https://pt.wix.com/blog/2015/04/painel-de-controle-meus-sites,Website creation,Tudo Em Um Painel de Controle: Seja Bem-Vindo ao ‘Meus Sites’
https://pt.wix.com/blog/2021/05/torne-seu-site-wix-acessivel,Web design,Assistente de Acessibilidade Wix: Pioneiro na Busca Pela Internet para Todos
https://pt.wix.com/blog/2019/07/tecnicas-vendas-psicologia-vender-mais,Marketing,Técnicas de Vendas: 10 Dicas da Psicologia para Vender Mais
https://pt.wix.com/blog/2020/06/como-criar-um-curso-online,Business,Como criar um curso online em 10 passos simples
https://pt.wix.com/blog/2023/08/avishai-abrahami-wix-inteligencia-artificial,Website creation,"Para nossos usuários, minha opinião sobre IA: passado, presente e futuro"
https://pt.wix.com/blog/2018/12/dicas-email-suporte-cliente,Marketing,Como Escrever um Email de Suporte ao Cliente e Não Parecer um Robô
https://pt.wix.com/blog/2019/04/otimizar-velocidade-site,Website creation,As 10 Melhores Técnicas para Otimizar a Velocidade do Site
https://pt.wix.com/blog/2018/05/checklist-novo-site,Website creation,50 Itens Para Conferir Antes de Publicar Seu Site
https://pt.wix.com/blog/2021/06/hospedagem-de-sites-guia-iniciantes,Website creation,Como hospedar um site? - o guia completo
https://pt.wix.com/blog/2023/11/ferramentas-de-inteligencia-artificial/,Business,Top 20 ferramentas de inteligência artificial para ajudar o seu negócio
https://pt.wix.com/blog/2020/11/como-escolher-os-melhores-produtos-para-vender-online/,eCommerce,O que vender online: como encontrar os melhores produtos
https://pt.wix.com/blog/2021/08/como-criar-um-ecommerce,eCommerce,Como montar um eCommerce: o guia completo
https://pt.wix.com/blog/2024/01/plataformas-de-ecommerce/,eCommerce,Descubra as 13 melhores plataformas de vendas online
https://pt.wix.com/blog/2022/05/o-que-e-seguranca-internet-como-proteger-seu-site/,Website creation,Cibersegurança: o que é e como proteger o seu site
https://pt.wix.com/blog/2018/11/criar-site-salao-beleza/,Website creation,Guia Completo: Como Criar um Site Deslumbrante para Salão de Beleza
https://pt.wix.com/blog/2019/07/como-se-tornar-fotografo-profissional-guia,Photography,Como se Tornar Fotógrafo Profissional: Guia em 15 Passos
https://pt.wix.com/blog/2019/02/fotografar-contando-historias,Photography,#N/A
https://pt.wix.com/blog/2018/06/como-escrever-alt-text-google-images,Marketing,Como Escrever o Alt Text Perfeito para o SEO das suas Imagens
https://pt.wix.com/blog/2014/07/conteudo-para-um-site-ou-blog,Website creation,Sem Criatividade? 20 Ideias de Conteúdo Para o Seu Site ou Blog
https://pt.wix.com/blog/2018/11/marketing-guerrilha-exemplos,Marketing,O Que É Marketing de Guerrilha? 11 Exemplos Incríveis de Campanhas de Sucesso
https://pt.wix.com/blog/2015/12/como-criar-uma-impressionante-pagina-de-longa-rolagem,Website creation,Como Criar uma Impressionante Página de Longa Rolagem
https://pt.wix.com/blog/2018/11/20-tutoriais-wix-para-criar-e-aprimorar-todo-tipo-de-site,Website creation,20 Tutoriais Wix Para Criar e Aprimorar Todo Tipo de Site
https://pt.wix.com/blog/2020/02/guia-cartão-de-visita,Marketing,Como fazer cartão de visita: o guia completo
https://pt.wix.com/blog/2019/10/personal-branding-criar-marca-pessoal-guia/,Marketing,Personal branding: o que é e dicas práticas para empreendedores
https://pt.wix.com/blog/2023/06/o-que-e-site/,Website creation,O que é um site? Tudo o que você precisa saber
https://pt.wix.com/blog/2021/08/guia-nome-de-dominio,Website creation,O que é domínio e por que ele é tão importante?
https://pt.wix.com/blog/2021/08/guia-engajamento-nas-redes-sociais,Marketing,10 dicas para aumentar o engajamento nas redes sociais
https://pt.wix.com/blog/2014/02/pagina-inicial-incrivel,Web design,10 Dicas Para Construir Uma Página Inicial Incrível
https://pt.wix.com/blog/2022/02/design-site-mobile,Web design,Site mobile: 15 exemplos e melhores práticas para um design de sucesso
https://pt.wix.com/blog/2019/08/navegabilidade-usabilidade-experiencia-do-usuario/,Web design,O que é navegabilidade? 10 dicas para elevar o nível do seu site
https://pt.wix.com/blog/2021/09/tipos-de-marketing,Marketing,Tipos de marketing: as 10 principais estratégias eficazes
https://pt.wix.com/blog/2020/05/transmissao-ao-vivo-guia-completo-para-iniciantes,Marketing,Transmissão ao vivo: Guia Completo para Iniciantes
https://pt.wix.com/blog/2019/09/como-atualizar-seu-site,Website creation,"Como Atualizar Seu Site: Melhores Práticas, Dicas e Truques"
https://pt.wix.com/blog/2021/07/como-criar-um-blog-de-receitas-gastronomia,Website creation,Como Criar um Blog de Receitas e Gastronomia
https://pt.wix.com/blog/2022/03/incluir-depoimentos-de-clientes-no-site/,Marketing,9+ motivos para incluir depoimentos de clientes em seu site
https://pt.wix.com/blog/2019/02/fotografia-natureza-morta,Photography,#N/A
https://pt.wix.com/blog/2023/12/ia-generativa/,Website creation,"IA generativa: o que é, exemplos e melhores práticas"
https://pt.wix.com/blog/2018/06/ideias-conteudo-para-blogs-sites,Website creation,21 Ideias de Conteúdo Inteligente para Blogs e Sites
https://pt.wix.com/blog/2014/03/como-viver-de-arte,Business,Como Viver de Arte Sem Passar Fome
https://pt.wix.com/blog/2019/05/como-criar-conta-facebook-guia,Marketing,Como criar uma conta no Facebook: o guia completo
https://pt.wix.com/blog/2024/01/como-fazer-dropshipping/,eCommerce,Como fazer dropshipping em 8 passos simples
https://pt.wix.com/blog/2013/10/crie-gratis-album-fotos-wix,Website creation,Crie Grátis Um Álbum de Fotos Com o Wix
https://pt.wix.com/blog/2019/03/como-elaborar-declaracao-missao-empresa,Business,"Missão, visão e valores: o que são, como definir e exemplos"
https://pt.wix.com/blog/2018/07/guia-tamanhos-imagens-redes-sociais,Marketing,Tamanhos de imagens para redes sociais: o guia completo
https://pt.wix.com/blog/2018/09/melhores-ferramentas-instagram,Marketing,As 10 Melhores Ferramentas de Instagram para seu Negócio
https://pt.wix.com/blog/2021/07/o-que-e-branding-guia,Marketing,O que é branding: o guia definitivo
https://pt.wix.com/blog/2019/08/web-designer-guia-completo-profissao-mercado,Web design,Web Designer: Guia completo sobre a profissão e o mercado
https://pt.wix.com/blog/2019/06/branding-marca-nas-redes-sociais,Marketing,Social branding: 10 passos para fortalecer sua marca nas redes sociais
https://pt.wix.com/blog/2019/05/como-fazer-upload-video-youtube-guia,Marketing,Como Fazer Upload de um Vídeo para o YouTube
https://pt.wix.com/blog/2020/04/como-criar-canal-youtube-empresa,Marketing,Como criar um canal no Youtube para alavancar o seu negócio
https://pt.wix.com/blog/2015/11/12-sites-fabulosos-de-arquitetura-e-decoracao-feitos-por-usuarios-wix,Website creation,12 Sites Fabulosos de Arquitetura e Decoração Feitos Por Usuários Wix
https://pt.wix.com/blog/2023/09/google-meu-negocio/,Marketing,A importância do Google Meu Negócio e como configurá-lo no Wix
https://pt.wix.com/blog/2023/09/google-meu-negocio/,Marketing,A importância do Google Meu Negócio e como configurá-lo no Wix
https://pt.wix.com/blog/2018/09/guia-branding-produto,Marketing,O Que é o Branding de Produto e Como Implementá-lo em Sua Marca
https://pt.wix.com/blog/2022/04/o-que-e-hospedagem-de-site/,Website creation,O que é hospedagem de site? - Um guia completo
https://pt.wix.com/blog/2018/10/o-que-e-identidade-da-marca-e-como-criar-a-sua,Marketing,O Que É Identidade da Marca e Como Criar a Sua
https://pt.wix.com/blog/2018/12/criar-formularios-online-site,Website creation,Dicas e Truques para Criar Formulários Online para Seu Site
https://pt.wix.com/blog/2022/08/criar-conta-comercial-instagram,Marketing,Conta comercial do Instagram: como criar uma e por que você precisa dela
https://pt.wix.com/blog/2017/07/psicologia-design-como-usar-cores-para-provocar-emocoes,Web design,Psicologia & design: como usar cores para provocar emoções
https://pt.wix.com/blog/2012/10/visualizar-o-instagram-no-seu-computador,Marketing,6 Maneiras de Visualizar o Instagram no Seu Computador
https://pt.wix.com/blog/2018/06/lindas-fotos-paisagem,Photography,As Mais Lindas Fotos de Paisagem
https://pt.wix.com/blog/2022/06/wpo-otimizacao-desempenho-web,Marketing,Otimização de desempenho Web (WPO): Um guia completo
https://pt.wix.com/blog/2023/02/o-que-e-tld/,Website creation,O que é TLD: um guia sobre Top Level Domain
https://pt.wix.com/blog/2021/01/como-comecar-um-negocio-no-mercado-fitness,Business,Guia Passo a Passo: Como Iniciar um Negócio no Mercado Fitness Com o Wix
https://pt.wix.com/blog/2018/08/pinterest-como-funciona-para-negocios,Marketing,"Pinterest: o que é, como funciona e como ele pode ajudar o seu negócio"
https://pt.wix.com/blog/2017/09/onde-encontrar-fotos-e-videos-profissionais-gratis-para-seu-site,Photography,Onde Encontrar Fotos e Vídeos Profissionais & Grátis Para Seu Site
https://pt.wix.com/blog/2020/12/estrategias-de-geracao-de-leads-para-o-seu-negocio-online/,Marketing,13 estratégias criativas de geração de leads para o seu negócio
https://pt.wix.com/blog/2022/01/estrategias-carrinho-abandonado,eCommerce,10 estratégias para recuperar carrinhos abandonados
https://pt.wix.com/blog/2022/07/como-evitar-site-fora-do-ar,eCommerce,O preço de um site de eCommerce fora do ar – e como prevenir isso com o Wix
https://pt.wix.com/blog/2016/09/novidade-o-recurso-slideshow-vai-dar-movimento-ao-seu-site,Web design,Novidade! O Recurso Slideshow Vai Dar Movimento ao Seu Site
https://pt.wix.com/blog/2023/06/politica-de-troca/,eCommerce,Política de troca: como criar a ideal para sua loja virtual
https://pt.wix.com/blog/2015/11/ideias-brilhantes-de-embalagens-para-sua-loja-virtual,eCommerce,Embalagens para eCommerce: dicas e exemplos
https://pt.wix.com/blog/2016/01/dicas-indispensaveis-para-fotografar-espacos-interiores,Photography,#N/A
https://pt.wix.com/blog/2016/08/como-a-teoria-das-cores-pode-deixar-seu-site-mais-incrivel,Web design,Como A Teoria das Cores Pode Deixar Seu Site Mais Incrível
https://pt.wix.com/blog/2018/09/gifs-nas-redes-sociais,Marketing,GIFs! GIFs! GIFs! Como Usar GIFs nas Redes Sociais
https://pt.wix.com/blog/2018/09/biografia-instagram,Marketing,12 dicas para escrever a melhor biografia para o Instagram
https://pt.wix.com/blog/2022/07/o-que-e-ecommerce,eCommerce,"O que é eCommerce? Como funciona, tipos e dicas"
https://pt.wix.com/blog/2023/11/logistica-para-ecommerce/,eCommerce,Logística para eCommerce: tudo o que você precisa saber
https://pt.wix.com/blog/2023/12/inteligencia-artificial/,Website creation,O que é inteligência artificial e como ela funciona?
https://pt.wix.com/blog/2016/04/receba-pedidos-online-e-mostre-com-orgulho-o-seu-cardapio-com-wix-restaurants,eCommerce,Receba Pedidos Online e Mostre Com Orgulho o Seu Cardápio com Wix Restaurants!
https://pt.wix.com/blog/2015/05/5-dicas-de-como-cobrar-pelo-seu-servico,Business,Você Está Cobrando o Suficiente? 5 Dicas de Como Cobrar Pelo Seu Serviço
https://pt.wix.com/blog/2016/08/como-criar-o-epk-perfeito,Marketing,Como Criar o EPK Perfeito
https://pt.wix.com/blog/2015/05/maneiras-de-ser-mais-produtivo-passando-menos-tempo-no-trabalho,Business,9 Maneiras de Ser Mais Produtivo e Passar Menos Tempo no Trabalho
https://pt.wix.com/blog/2014/12/sites-de-venda-de-produtos-artesanais,eCommerce,Belíssimos Sites de Venda de Produtos Artesanais
https://pt.wix.com/blog/2014/09/sedes-do-wix-pelo-mundo,Business,“Que Vista!” Os Escritórios do Wix pelo Mundo
https://pt.wix.com/blog/2016/05/icones-gratuitos-do-wix-aproveite-as-inumeras-possibilidades,Web design,Ícones Gratuitos do Wix: Aproveite as Inúmeras Possibilidades
https://pt.wix.com/blog/2019/05/como-criar-press-kit,Marketing,Como Criar um Press Kit de Sucesso para Seu Negócio
https://pt.wix.com/blog/2018/06/5-dicas-design-para-site-profissional,Web design,5 Dicas Cruciais de Web Design para um Site Profissional
https://pt.wix.com/blog/2020/02/25-logos-criativos-de-blogs,Marketing,25 exemplos de logos de blogs para te inspirar
https://pt.wix.com/blog/2016/03/como-adicionar-marcas-dagua-em-suas-imagens-e-proteger-seu-trabalho,Web design,Como Adicionar Marcas D’água em suas Imagens e Proteger seu Trabalho
https://pt.wix.com/blog/2018/07/sites-wix-bookings,eCommerce,12 Sites Incríveis que Usam Wix Bookings para Receber Agendamentos
https://pt.wix.com/blog/2018/08/wix-bom-para-seo-google,Marketing,O Wix é bom para SEO? 10 Perguntas sobre o Wix e o Google
https://pt.wix.com/blog/2021/11/o-que-e-crowdfunding,Business,O Que é Crowdfunding: um Guia Com os Principais Sites de Financiamento Coletivo do Brasil
https://pt.wix.com/blog/2014/11/veja-como-e-trabalhar-no-wix/,Marketing,Veja Como É Trabalhar no Wix!
https://pt.wix.com/blog/2020/08/templates-para-negocios-online,Website creation,23 templates online para todos os tipos de negócios
https://pt.wix.com/blog/2018/04/como-criar-um-site-freelancer-guia,Website creation,Como Criar um Site para Sua Carreira de Freelancer
https://pt.wix.com/blog/2019/03/animacao-sites-web-design,Web design,Usar Animações em Seu Site: Os Prós e os Contras
https://pt.wix.com/blog/2021/09/guia-ux-design-o-que-e/,Web design,O Que é UX? Um Guia Para Iniciantes Sobre UX Design
https://pt.wix.com/blog/2023/10/hospedagem-compartilhada/,Website creation,"Hospedagem compartilhada: o que é, vantagens e desvantagens"
https://pt.wix.com/blog/2024/02/heading-tags-h1-h2-h3/,Marketing,"O que são heading tags (H1, H2, H3…) e para o que elas servem"
https://pt.wix.com/blog/2020/08/o-que-e-crm,Marketing,O Que é o Sistema CRM? Guia Para Iniciantes
https://pt.wix.com/blog/2021/06/o-que-e-publico-alvo-e-como-delimitar-o-seu,Marketing,Guia completo: o que é público-alvo e como delimitar o seu
https://pt.wix.com/blog/2015/09/5-apps-para-sites-wix,Website creation,5 Excelentes Apps Para Sites Wix
https://pt.wix.com/blog/2017/03/como-criar-um-site-para-dj-com-o-ritmo-certo,Website creation,Como criar um site para DJ com o ritmo certo
https://pt.wix.com/blog/2020/10/temporada-de-festas-envio-processamento-de-pedidos/,eCommerce,Fechando o ciclo de uma venda: processamento de pedidos e entrega de mercadorias
https://pt.wix.com/blog/2014/03/como-criar-uma-foto-de-capa-do-facebook-para-o-seu-negocio,Marketing,Como Criar Uma Foto de Capa do Facebook Para O Seu Negócio
https://pt.wix.com/blog/2018/11/criar-pagina-comercial-facebook,Marketing,Como Criar uma Página Comercial de Sucesso no Facebook
https://pt.wix.com/blog/2022/04/ferramentas-de-marketing-para-negocio-online/,Marketing,40+ ferramentas de marketing que vão impulsionar o crescimento do seu negócio
https://pt.wix.com/blog/2023/11/rich-snippets/,Marketing,O que são rich snippets e por que você precisa deles?
https://pt.wix.com/blog/2021/05/como-aceitar-pagamentos-online-seguros-com-o-wix,eCommerce,Como Aceitar Pagamentos Online Seguros com o Wix
https://pt.wix.com/blog/2021/09/guia-completo-automacao-de-marketing,Marketing,Automação de Marketing: Como ela pode Impulsionar o Crescimento do seu Negócio Online
https://pt.wix.com/blog/2021/03/publicidade-online-guia,Marketing,Publicidade Online: o Guia Completo Para os Tipos de Anúncios na Internet
https://pt.wix.com/blog/2021/08/guia-pratico-landing-pages-que-convertem,Website creation,12 dicas para criar landing pages que convertem
https://pt.wix.com/blog/2023/10/google-search-console/,Marketing,O que é Google Search Console? Entendendo seu tráfego orgânico
https://pt.wix.com/blog/2021/01/o-que-e-email-marketing,Marketing,O que é email marketing? Confira nosso guia completo
https://pt.wix.com/blog/2021/03/como-se-tornar-freelancer-guia,Business,Guia Completo: Como se Tornar um Freelancer de Sucesso
https://pt.wix.com/blog/2017/03/o-que-como-e-porque-realizar-testes-no-seu-negocio,Business,"O Que, Como e Porque Realizar Testes no Seu Negócio"
https://pt.wix.com/blog/2023/09/ai-marketing/,Marketing,AI marketing: o futuro da sua estratégia de marketing
https://pt.wix.com/blog/2018/08/guia-como-criar-site-profissional,Website creation,Como criar um site profissional: um guia para principiantes
https://pt.wix.com/blog/2018/04/mais-assinantes-blog-newsletter,Website creation,Como Conseguir Mais Assinantes para seu Blog e sua Newsletter
https://pt.wix.com/blog/2013/12/habilidades-todo-mundo-precisa-ter,Business,5 Habilidades Que Todo Mundo Precisa Ter
https://pt.wix.com/blog/2018/05/wix-seo-google-indexacao-instantanea,Marketing,Agora É Oficial: Seu Site Wix no Google em Questão de Segundos!
https://pt.wix.com/blog/2018/07/templates-sites-artistas-criativos,Website creation,12 Incríveis Templates para Sites de Profissionais Criativos
https://pt.wix.com/blog/2016/05/10-frases-de-mulheres-empreendedoras-de-sucesso,Business,10 Frases de Mulheres Empreendedoras de Sucesso
https://pt.wix.com/blog/2017/03/10-dicas-simples-para-ser-a-pessoa-mais-querida-do-escritorio,Business,Como se Tornar o Colega de Trabalho Preferido do Escritório
https://pt.wix.com/blog/2022/06/ganhar-dinheiro-tiktok,Marketing,Como ganhar dinheiro com o TikTok
https://pt.wix.com/blog/2024/02/o-que-e-certificado-ssl/,Website creation,O que é certificado SSL de segurança e quais são os melhores provedores
https://pt.wix.com/blog/2020/10/como-escrever-o-blog-post-perfeito,Website creation,A checklist essencial para o blog post perfeito
https://pt.wix.com/blog/2017/11/7-atalhos-ocultos-do-editor-wix-para-incrementar-seu-site,Website creation,7 Atalhos Ocultos do Editor Wix para Incrementar seu Site
https://pt.wix.com/blog/2015/07/pagina-faq-eficaz/,Website creation,O Poder de uma Página de Perguntas Frequentes Eficaz (E Como Criar Uma)
https://pt.wix.com/blog/2014/03/site-de-uma-ong,Website creation,7 Elementos Essenciais Para o Site de Uma ONG
https://pt.wix.com/blog/2018/02/o-que-e-a-reuniao-one-on-one,Business,O que é a reunião one-on-one e como fazê-la de forma efetiva?
https://pt.wix.com/blog/2019/06/youtube-analytics-guia-completo-metricas-aumentar-views,Marketing,YouTube Analytics: Guia Completo e 10 Métricas Essenciais
https://pt.wix.com/blog/2021/06/o-que-e-marketing-digital,Marketing,Manual: o que é marketing digital?
https://pt.wix.com/blog/2012/12/como-criar-um-curriculo-online,Website creation,Como criar um currículo online
https://pt.wix.com/blog/2023/09/omnichannel/,eCommerce,O que é omnichannel? Um guia completo com exemplos
https://pt.wix.com/blog/2015/01/ferramentas-essenciais-do-wix,Website creation,7 Ferramentas Essenciais do Wix Que Você Precisa Conhecer
https://pt.wix.com/blog/2021/06/dia-dos-namorados-restaurante-delivery/,Website creation,Dia dos Namorados: Como Seu Restaurante Pode se Destacar em Meio a Tantas Opções de Delivery
https://pt.wix.com/blog/2016/03/dicas-de-como-apresentar-sua-ideia-de-negocio,Business,Dicas de Como Apresentar sua Ideia de Negócio
https://pt.wix.com/blog/2021/10/o-que-e-nomade-digital,Business,20 Ideias de Trabalho Remoto Para Você se Tornar Nômade Digital e Trabalhar de Qualquer Lugar
https://pt.wix.com/blog/2024/01/redirect-301/,Marketing,O que é redirect 301 e como usá-lo para melhorar seu SEO
https://pt.wix.com/blog/2016/04/um-checklist-de-10-itens-para-voce-escolher-a-fonte-perfeita,Web design,Um Checklist de 10 Itens Para Você Escolher a Fonte Perfeita
https://pt.wix.com/blog/2013/04/13-grandes-exemplos-de-tipografia-em-web-design,Web design,13 Grandes Exemplos de Tipografia em Web Design
https://pt.wix.com/blog/2017/01/10-dicas-e-macetes-do-photoshop-para-iniciantes,Photography,#N/A
https://pt.wix.com/blog/2020/09/o-que-e-seo,Marketing,O que é SEO: o guia completo para iniciantes
https://pt.wix.com/blog/2018/06/como-criar-blog-moda,Website creation,Como Criar um Blog de Moda de Sucesso
https://pt.wix.com/blog/2018/12/como-fidelizar-consumidor-loja-virtual/,eCommerce,Fidelização de clientes: 9 dicas infalíveis
https://pt.wix.com/blog/2021/01/o-que-e-drip-marketing,Marketing,O Que é Drip Marketing e Como Criar uma Campanha
https://pt.wix.com/blog/2019/04/feedback-como-aceitar-criticas,Marketing,Feedback: Como Aceitar Críticas com Elegância
https://pt.wix.com/blog/2017/09/como-criar-um-infografico-arrasador-em-menos-de-uma-hora,Web design,Como criar um infográfico arrasador em menos de uma hora
https://pt.wix.com/blog/2021/07/como-anunciar-no-facebook-ads,Marketing,Guia: Como Anunciar no Facebook com o Wix
https://pt.wix.com/blog/2023/12/guest-post/,Website creation,O que é guest post e o que torna esta prática tão valiosa
https://pt.wix.com/blog/2017/08/guia-completo-o-que-sao-memes-e-como-usa-los-corretamente,Marketing,Guia Completo: O Que São Memes e Como Usá-los Corretamente
https://pt.wix.com/blog/2021/04/aprenda-a-lidar-com-chargebacks-em-sua-loja-virtual,eCommerce,O que é chargeback e como evitá-lo
https://pt.wix.com/blog/2017/09/os-10-criterios-mais-decisivos-para-compras-online,eCommerce,Os 10 critérios mais decisivos para compras online
https://pt.wix.com/blog/2020/03/25-dicas-para-divulgar-seu-blog,Website creation,25 dicas para você divulgar seu Blog
https://pt.wix.com/blog/2019/03/como-promover-blog-facebook,Website creation,Como Promover seu Blog no Facebook
https://pt.wix.com/blog/2012/09/lindos-sites-de-igrejas,Website creation,Lindos Sites de Igrejas
https://pt.wix.com/blog/2018/07/igtv-o-que-e-instagram-tv,Marketing,IGTV: O Que É Instagram TV e Como Criar Sua Conta
https://pt.wix.com/blog/2018/05/seo-para-blogs,Marketing,SEO para blog: 10 dicas para atrair mais leitores
https://pt.wix.com/blog/2024/02/analise-de-dados/,Marketing,Como a análise de dados pode transformar o marketing da sua empresa
https://pt.wix.com/blog/2021/07/marketing-para-pequenas-empresas,Marketing,25 Estratégias de Marketing de Baixo Custo Para Pequenas Empresas
https://pt.wix.com/blog/2016/11/10-formas-de-relaxar-em-ate-5-minutos/,Marketing,10 Formas de Relaxar em até 5 Minutos
https://pt.wix.com/blog/2021/09/o-que-e-analise-swot/,Business,Análise SWOT: o Que é e Como Implementá-la em Seu Negócio Online
https://pt.wix.com/blog/2019/11/o-que-e-clickbait-por-que-funciona/,Marketing,O que é clickbait e por que funciona tão bem?
https://pt.wix.com/blog/2018/07/como-lidar-clientes-dificeis,eCommerce,Como Lidar com Clientes Difíceis
https://pt.wix.com/blog/2017/05/5-tipos-de-videos-para-toda-empresa-ter-em-seu-site,Business,5 Tipos de Vídeos Para Adicionar ao Site da Sua Empresa
https://pt.wix.com/blog/2019/10/team-building-fortalecer-equipe,Business,O que é Team Building e Por que é importante fortalecer sua equipe
https://pt.wix.com/blog/2022/12/canais-de-venda/,eCommerce,Canais de venda: quais são os principais e como escolher
https://pt.wix.com/blog/2016/11/10-atalhos-que-voce-nao-conhecia-no-editor-wix,Website creation,10 Atalhos Que Você Não Conhecia no Editor Wix
https://pt.wix.com/blog/2018/05/como-escrever-titulo-blog,Website creation,Como Escrever um Título de Blog que Cative Seus Leitores
https://pt.wix.com/blog/2018/09/chat-ao-vivo-para-site/,Website creation,Por Quê Seu Site Precisa de um Chat Ao Vivo
https://pt.wix.com/blog/2020/09/temporada-de-festas-ecommerce-estrategias-marketing,eCommerce,Marketing para eCommerce: 18 estratégias eficazes
https://pt.wix.com/blog/2017/06/como-vender-sua-ideia-em-um-minuto,Marketing,Papo de Elevador: Como Vender Sua Ideia em Um Minuto
https://pt.wix.com/blog/2018/10/como-criar-podcast-guia,Business,Como fazer um podcast: o guia passo a passo
https://pt.wix.com/blog/2019/07/como-ser-nomade-digital-trabalhar-viajando,Business,Como ser um Nômade Digital e Explorar o Mundo
https://pt.wix.com/blog/2016/04/de-volta-ao-flat-10-dicas-para-criar-um-site-belissimo-com-flat-design,Web design,De Volta ao Flat: 10 Dicas para Criar um Site Belíssimo com Flat Design
https://pt.wix.com/blog/2015/06/10-presentes-dia-dos-namorados,Marketing,10 Presentes Criativos e Fáceis de Fazer para o Dia dos Namorados
https://pt.wix.com/blog/2019/02/criar-company-page-linkedin,Marketing,Company Page: Como Criar a Página da Sua Empresa no LinkedIn
https://pt.wix.com/blog/2016/03/10-macetes-de-fotografia-que-gostariamos-de-ter-aprendido-antes,Photography,#N/A
https://pt.wix.com/blog/2020/02/como-fazer-uma-pesquisa-de-mercado,Marketing,Como Fazer uma Pesquisa de Mercado em 5 Passos Simples
https://pt.wix.com/blog/2024/02/tipos-de-inteligencia-artificial/,Website creation,Quais são os tipos de inteligência artificial e como utilizá-las
https://pt.wix.com/blog/2012/03/o-que-e-esse-tal-de-html5,Website creation,O que é HTML? Entenda tudo sobre esta linguagem de programação
https://pt.wix.com/blog/2016/11/como-as-cores-do-escritorio-influenciam-o-seu-desempenho,Business,Como As Cores do Escritório Influenciam O Seu Desempenho
https://pt.wix.com/blog/2019/09/marketing-de-influencia-o-que-e-influencer,Marketing,Marketing de Influência: Como influencers podem ajudar seu negócio
https://pt.wix.com/blog/2023/12/meta-description/,Marketing,O que é uma meta description e como usá-la para SEO?
https://pt.wix.com/blog/2014/08/musico-aumente-sua-renda,Business,Você é Músico? Veja 10 Maneiras de Aumentar Sua Renda
https://pt.wix.com/blog/2018/12/skimming-web-design-leitura-dinamica,Web design,Web Design & Skimming: Como a Leitura Dinâmica Afeta Seu Site
https://pt.wix.com/blog/2019/03/novos-recursos-wix-bookings,Business,Como organizar pedidos de clientes com o Wix Bookings
https://pt.wix.com/blog/2020/10/o-que-e-marketing-de-afiliados,Marketing,O que é Marketing de Afiliados? Um guia completo para começar
https://pt.wix.com/blog/2018/07/como-se-tornar-youtuber-de-sucesso,Marketing,11 Passos para Se Tornar um YouTuber de Sucesso
https://pt.wix.com/blog/2022/07/como-comecar-negocio,Business,Como começar um negócio do zero: Passo a passo
https://pt.wix.com/blog/2020/04/webinar-o-que-e-como-fazer,Website creation,O que é Webinar e como fazer o seu de forma profissional
https://pt.wix.com/blog/2019/11/marketing-redes-sociais-dicas/,Marketing,Como fazer marketing nas redes sociais: 10 dicas comprovadas
https://pt.wix.com/blog/2017/06/10-dicas-para-revolucionar-suas-apresentacoes-no-powerpoint/,Marketing,10 Dicas para Revolucionar Suas Apresentações no PowerPoint
https://pt.wix.com/blog/2015/11/alo-wix-as-11-perguntas-mais-comuns-que-escutamos-na-central-de-suporte,Website creation,"“Alô, Wix?” As 11 Perguntas Mais Comuns Que Escutamos na Central de Suporte"
https://pt.wix.com/blog/2022/08/o-que-e-hospedagem-nuvem,Website creation,O que é armazenamento em nuvem – e por que a multinuvem é o futuro
https://pt.wix.com/blog/2020/09/temporada-de-festas-gestao-da-cadeia-de-suprimentos,eCommerce,Planeje com eficiência: gerenciamento de estoque e cadeia de suprimentos
https://pt.wix.com/blog/2013/02/incriveis-fotos-de-capa-para-o-facebook,Marketing,Incríveis Fotos de Capa Para o Facebook
https://pt.wix.com/blog/2015/06/5-coisas-que-o-desqualificara-de-trabalhar-no-wix,Business,5 Coisas Para Ter em Mente Antes de Trabalhar no Wix
https://pt.wix.com/blog/2019/06/apps-gestao-tempo-produtividade,Business,Produtividade: 20 Apps para Gestão de Tempo no Trabalho
https://pt.wix.com/blog/2016/12/twitter-para-principiantes-o-guia-completo,Marketing,Twitter para Principiantes: O Guia Completo
https://pt.wix.com/blog/2016/09/como-calcular-e-aumentar-a-taxa-de-conversao-do-seu-site,Marketing,"Taxa de conversão: o que é, como calcular + dicas para melhorar a sua"
https://pt.wix.com/blog/2013/05/criando-um-email-de-boas-vindas,Marketing,Criando Um Email de Boas-Vindas
https://pt.wix.com/blog/2012/02/ppc-para-iniciantes-guia-basico-de-publicidade-pay-per-click,Marketing,PPC Para Iniciantes: Guia Básico de Publicidade Pay-Per-Click
https://pt.wix.com/blog/2013/10/vender-joias-bijuterias-internet,Business,Como Vender Suas Joias e Bijuterias Na Internet
https://pt.wix.com/blog/2018/12/adicione-efeitos-videos-videobox,Web design,VideoBox: Adicione Efeitos Deslumbrantes aos Vídeos no Seu Site
https://pt.wix.com/blog/2018/11/fotografia-esportiva,Photography,#N/A
https://pt.wix.com/blog/2016/12/10-novos-recursos-imperdiveis-do-wix,Website creation,10 Novos Recursos Imperdíveis do Wix
https://pt.wix.com/blog/2018/05/as-12-melhores-ferramentas-de-todos-os-tempos-para-blogs,Website creation,As 12 Melhores Ferramentas de Todos os Tempos para Blogs
https://pt.wix.com/blog/2022/08/jornada-cliente-ecommerce,eCommerce,Jornada do cliente: O que é e como mapear
https://pt.wix.com/blog/2018/01/como-preparar-uma-pagina-sobre-para-conquistar-seus-visitantes,Website creation,Como Preparar uma Página “Sobre” para Conquistar Seus Visitantes
https://pt.wix.com/blog/2014/03/como-contatar-um-empregador,Marketing,Como Mandar um Email para o Empregador dos Seus Sonhos
https://pt.wix.com/blog/2019/04/como-converter-videos-para-igtv,Marketing,Como Converter seus Vídeos para o Instagram TV
https://pt.wix.com/blog/2019/07/atualizacao-instagram-novidades,Marketing,Atualizações do Instagram: Novidades e Recursos de 2019
https://pt.wix.com/blog/2019/08/melhores-apps-instagram-marcas,Marketing,Os 21 melhores apps para Instagram para a sua marca
https://pt.wix.com/blog/2018/05/o-que-e-mobile-first-index,Marketing,O Que é o Mobile-First Index do Google e Como Afeta Seu Site
https://pt.wix.com/blog/2021/06/mes-do-orgulho-lgbtqia-design-inclusivo,Web design,Mês do Orgulho LGBTQIA+: Design Inclusivo de Sites
https://pt.wix.com/blog/2016/02/como-criar-um-slogan-convincente-para-sua-empresa,Marketing,Como Criar um Slogan Convincente Para sua Empresa
https://pt.wix.com/blog/2018/12/melhores-templates-webdesign-site,Website creation,16 Templates para Criar um Site Incrível Grátis
https://pt.wix.com/blog/2021/05/como-criar-uma-estrategia-de-conteudo-online/,Marketing,Como Criar Uma Estratégia de Conteúdo Online Para o Seu Negócio
https://pt.wix.com/blog/2018/06/influencer-influenciador-digital,Marketing,A Era do Influencer: O Que É e Como Se Tornar Um Influenciador Digital
https://pt.wix.com/blog/2017/12/neuromarketing-como-vender-para-o-cerebro,Marketing,Neuromarketing: Como Vender para o Cérebro
https://pt.wix.com/blog/2014/10/dicas-rapidas-para-crescer,Business,Pequeno Empresário? Veja 10 Dicas Rápidas Para Crescer!
https://pt.wix.com/blog/2018/03/arte-vetorial-imagens-para-sites,Web design,Arte Vetorial: Apimente seu Site com Ilustrações Maravilhosas
https://pt.wix.com/blog/2017/04/seu-site-mobile-esta-funcionando-como-deveria,Website creation,Seu Site Mobile Está Funcionando Como Deveria?
https://pt.wix.com/blog/2015/10/wix-music,Website creation,Wix Music: a ferramenta que vai mudar a forma como você promove sua música online
https://pt.wix.com/blog/2019/04/guia-planejar-casamento,Website creation,Um Guia para Planejar seu Casamento sem Dores de Cabeça
https://pt.wix.com/blog/2021/03/dia-internacional-da-mulher-empreendedorismo-feminino,Business,Como a Plataforma de eCommerce do Wix Pode ser uma Aliada do Empreendedorismo Feminino
https://pt.wix.com/blog/2018/11/carreira-dicas-sucesso,Business,7 passos para alcançar o tão sonhado crescimento profissional
https://pt.wix.com/blog/2018/08/ecommerce-dicas-profissionais-pagina-produto,eCommerce,eCommerce: 10 Dicas Profissionais para sua Página de Produto
https://pt.wix.com/blog/2019/06/como-usar-twitter-analytics,Marketing,5 Estatísticas do Twitter que Ajudam a Entender seu Público
https://pt.wix.com/blog/2015/09/efeito-do-instagram,Marketing,Como Adicionar Um Efeito Como do Instagram Em Suas Fotos
https://pt.wix.com/blog/2015/04/5-tecnicas-para-conseguir-mais-leads,Marketing,5 Técnicas Infalíveis Para Conseguir Mais Leads em Seu Site
https://pt.wix.com/blog/2016/12/inspiracao-6-sites-de-restaurantes-incriveis-feitos-no-wix,Web design,Inspiração: 6 Sites de Restaurantes Incríveis Feitos no Wix
https://pt.wix.com/blog/2017/08/10-termos-de-design-que-voce-precisa-conhecer-para-ontem,Web design,10 Termos de Design que Você Precisa Conhecer para Ontem
https://pt.wix.com/blog/2019/10/captacao-de-recursos-fundraising,Business,Captação de Recursos: Como Fazer o Fundraising do Seu Negócio
https://pt.wix.com/blog/2018/03/comemorando-dia-internacional-mulher-tecnologia,Web design,Comemorando o Dia Internacional da Mulher em uma Empresa de Tecnologia
https://pt.wix.com/blog/2017/06/7-novos-recursos-do-wix-que-voce-precisa-conhecer,Website creation,7 Novos Recursos do Wix que Você Precisa Conhecer
https://pt.wix.com/blog/2019/01/como-desestressar-trabalho,Business,Vida de Escritório: Como Desestressar-se Enquanto Trabalha
https://pt.wix.com/blog/2012/11/entrevista-de-emprego-como-se-preparar-para-a-segunda-fase,Business,Entrevista de Emprego – Como Se Preparar Para A Segunda Fase
https://pt.wix.com/blog/2013/07/7-novos-recursos-site-wix,Website creation,7 Novos Recursos Para O Seu Site Wix!
https://pt.wix.com/blog/2017/01/apresentando-janelas-para-causar-uma-excelente-primeira-impressao/,Website creation,Apresentando Janelas: Para Causar Uma Excelente Primeira Impressão
https://pt.wix.com/blog/2018/06/instagram-stories,Marketing,Instagram Stories: Os 10 Melhores Usos para Seu Negócio
https://pt.wix.com/blog/2019/08/social-listening-social-mention,Marketing,O que é Social Listening e Como Usá-lo para Fortalecer Sua Marca
https://pt.wix.com/blog/2018/05/poderosas-ferramentas-seo-wix,Marketing,5 Poderosas Ferramentas de SEO do Wix Que Você Precisa Conhecer
https://pt.wix.com/blog/2017/08/papo-sobre-seo-como-dominar-a-otimizacao-on-page,Marketing,Papo sobre SEO: Como Dominar a Otimização On-Page
https://pt.wix.com/blog/2017/08/siga-essas-dicas-simples-para-deixar-sua-agenda-sempre-cheia,Business,Siga Essas Dicas Simples Para Deixar sua Agenda Sempre Cheia
https://pt.wix.com/blog/2017/10/dicionario-de-marketing-online-termos-que-voce-precisa-conhecer,Marketing,Dicionário de Marketing Online: Termos que Você Precisa Conhecer
https://pt.wix.com/blog/2017/04/o-que-e-inbound-marketing,Marketing,O que é Inbound Marketing?
https://pt.wix.com/blog/2019/08/o-que-e-hashtag-como-usar,Marketing,O Que é Hashtag e Como Usar para Fortalecer Sua Marca
https://pt.wix.com/blog/2017/11/como-usar-o-google-analytics-um-guia-para-os-iniciantes/,Marketing,Como Usar o Google Analytics: Um Guia Para os Iniciantes
https://pt.wix.com/blog/2012/12/5-recursos-avancados-do-wix-para-voce,Website creation,5 Recursos Avançados do Wix Para Você
https://pt.wix.com/blog/2018/07/hashtags-mais-usadas-instagram,Marketing,As Hashtags Mais Usadas do Instagram
https://pt.wix.com/blog/2021/10/mobile-marketing,Marketing,O Que é Mobile Marketing e Por Que Investir Nessa Estratégia
https://pt.wix.com/blog/2018/04/fatos-video-marketing,Marketing,Esses 7 Fatos Te Levarão a Usar Mais Vídeos no Seu Marketing
https://pt.wix.com/blog/2021/11/o-que-e-qr-code,Marketing,O Que é QR Code e Como Utilizar Essa Ferramenta de Marketing
https://pt.wix.com/blog/2013/11/wix-empresa-nasdaq/,Business,Últimas Notícias: O Wix Agora É Uma Empresa Negociada na NASDAQ
https://pt.wix.com/blog/2014/04/eventos-do-wix,Business,Conheça e Participe dos Eventos do Wix!
https://pt.wix.com/blog/2013/06/como-construir-uma-rede-de-contatos,Business,Como Construir Uma Rede de Contatos
https://pt.wix.com/blog/2018/10/melhores-extensoes-chrome/,Business,As 27 Melhores Extensões do Chrome para Trabalho e Diversão
https://pt.wix.com/blog/2018/10/melhores-extensoes-chrome/,Website creation,As 27 Melhores Extensões do Chrome para Trabalho e Diversão
https://pt.wix.com/blog/2016/12/como-vender-mais-usando-cupons-em-sua-loja-virtual,eCommerce,Como Vender Mais Usando Cupons de Desconto Em Sua Loja Virtual
https://pt.wix.com/blog/2017/05/8-erros-comuns-de-web-design-para-voce-evitar-em-seu-site,Web design,8 Erros Comuns de Web Design Para Você Evitar em seu Site
https://pt.wix.com/blog/2017/10/ux-como-melhorar-a-experiencia-do-usuario-em-seu-site,Web design,UX: Como Melhorar a Experiência do Usuário em Seu Site
https://pt.wix.com/blog/2018/01/para-ler-e-guardar-os-10-mandamentos-do-web-design,Web design,Para ler e guardar: Os 10 Mandamentos do Web Design
https://pt.wix.com/blog/2018/05/boas-razoes-wix-pro-gallery,Photography,7 Boas Razões para Escolher o Wix Pro Gallery
https://pt.wix.com/blog/2016/11/como-criar-conteudo-para-seu-site,Web design,Como Criar Conteúdo para Seu Site
https://pt.wix.com/blog/2013/12/abrir-um-negocio-manter-trabalho-regular,Business,Renda extra: 25 ideias para você começar hoje
https://pt.wix.com/blog/2017/09/seo-do-youtube-como-obter-melhor-posicionamento-para-seus-videos,Marketing,SEO do YouTube: Como Obter Melhor Posicionamento para seus Vídeos
https://pt.wix.com/blog/2019/06/guia-como-anunciar-youtube,Marketing,Guia: Como Anunciar no YouTube
https://pt.wix.com/blog/2018/05/dicas-feed-instagram,Marketing,7 Dicas para Aparecer Bem no Feed do Instagram
https://pt.wix.com/blog/2017/11/5-formas-de-monetizar-uma-conta-de-instagram,Marketing,5 Formas Divertidas de Monetizar uma Conta do Instagram
https://pt.wix.com/blog/2017/04/o-que-sao-backlinks-e-por-que-sao-importantes-para-o-seo,Marketing,O que São Backlinks e Por que São Importantes para o SEO?
https://pt.wix.com/blog/2015/07/dicas-incriveis-para-fotografia-de-alimentos,Photography,#N/A
https://pt.wix.com/blog/2012/11/historia-da-sua-empresa-aumenta-as-vendas,Marketing,Como Usar A História da Sua Empresa Para Aumentar As Vendas do Seu Site
https://pt.wix.com/blog/2018/08/apps-redes-sociais-site,Marketing,9 Apps Fantásticos para Promover Suas Redes Sociais no Seu Site
https://pt.wix.com/blog/2021/11/empreendedorismo-no-brasil-como-empreender,Business,Empreendedorismo no Brasil: o que é e quais as vantagens
https://pt.wix.com/blog/2016/01/em-busca-do-sucesso-como-definir-novas-metas-para-sua-vida-profissional,Business,Em Busca Do Sucesso: Como Definir Novas Metas Para Sua Vida Profissional
https://pt.wix.com/blog/2020/03/dicas-trabalhar-em-casa,Business,Trabalhar em Casa: 10 Dicas de como ser mais produtivo
https://pt.wix.com/blog/2024/03/melhor-criador-de-sites/,Website creation,Qual é o melhor criador de sites? Confira nossa seleção
https://pt.wix.com/blog/2017/05/o-que-sao-e-como-usar-emojis-em-suas-redes-sociais,Marketing,O Que São e Como Usar Emojis em suas Redes Sociais
https://pt.wix.com/blog/2017/06/papo-com-o-especialista-sam-fala-sobre-publicidade-no-facebook,Marketing,#N/A
https://pt.wix.com/blog/2018/03/dicas-para-dominar-ctas/,Marketing,"CTA (call to action): o que é, como fazer e exemplos"
https://pt.wix.com/blog/2012/03/como-usar-o-google-adwords-parte-i,Marketing,Como Usar o Google AdWords – Parte I
https://pt.wix.com/blog/2017/10/os-7-pecados-capitais-de-seo-que-prejudicam-seu-site/,Marketing,Os 7 Pecados Capitais de SEO que Prejudicam seu Site
https://pt.wix.com/blog/2017/11/8-dicas-temperadas-para-criar-um-delicioso-site-de-restaurante/,Website creation,8 Dicas Temperadas para Criar um Delicioso Site de Restaurante
https://pt.wix.com/blog/2020/05/trabalho-remoto-como-apoiar-sua-equipe,Business,Trabalho Remoto: Como apoiar sua equipe e manter a produtividade
https://pt.wix.com/blog/2013/10/vantagens-trabalhar-em-equipe,Business,As Vantagens de Trabalhar em Equipe
https://pt.wix.com/blog/2015/10/tecnicas-de-negociacao,Business,6 Técnicas de Negociação Para Donos de Pequenas Empresas
https://pt.wix.com/blog/2018/10/dicas-web-design-loja-virtual-ecommerce,Web design,eCommerce: 13 Dicas de Web Design para sua Loja Virtual
https://pt.wix.com/blog/2017/10/fotografia-de-viagem-30-fotos-incriveis-para-ficar-com-vontade-de-ferias,Photography,#N/A
https://pt.wix.com/blog/2014/03/templates-favoritos-dos-designers-wix,Website creation,Os Designers Wix Revelam Quais São Seus Templates Favoritos!
https://pt.wix.com/blog/2019/02/wix-quinta-vez-grande-final/,Marketing,Wix Pela Quinta Vez na Grande Final do Futebol Americano
https://pt.wix.com/blog/2017/08/fatos-interessantes-sobre-o-algoritmo-do-google-que-voce-deveria-saber,Marketing,Fatos Interessantes Sobre o Algoritmo do Google que Você Deveria Saber
https://pt.wix.com/blog/2018/11/como-preparar-site-vendas-final-de-ano,eCommerce,Como fazer uma promoção: 15 dicas para o seu eCommerce
https://pt.wix.com/blog/2017/01/como-seu-pequeno-negocio-pode-deixar-uma-impressao-duradoura/,Business,As Pequenas Coisas da Vida: Como Seu Pequeno Negócio Pode Deixar uma Impressão Duradoura
https://pt.wix.com/blog/2018/08/zitro-tinta-antropologia-design,Web design,#N/A
https://pt.wix.com/blog/2017/03/prepare-seu-site-para-ganhar-um-comercial-com-os-craques-do-manchester-city/,Web design,Prepare seu site para ganhar um comercial com os craques do Manchester City
https://pt.wix.com/blog/2017/08/conheca-a-fotografa-que-viralizou-7-dias-apos-postar-seu-trabalho,Photography,Conheça A Fotógrafa que Viralizou 7 Dias Após Postar seu Trabalho
https://pt.wix.com/blog/2021/04/porque-criar-um-blog-corporativo,Website creation,Os Benefícios de um Blog Corporativo: 7 Motivos Para Começar um Hoje Mesmo
https://pt.wix.com/blog/2014/03/promover-um-negocio-gastando-pouco,Business,6 Dicas Para Promover Seu Negócio Gastando Pouco
https://pt.wix.com/blog/2018/02/20-fotos-de-casamentos-para-voce-se-apaixonar,Photography,#N/A
https://pt.wix.com/blog/2014/12/sites-wix-com-lindos-logotipos,Marketing,Sites Wix Com Lindos Logotipos
https://pt.wix.com/blog/2017/09/guia-rapido-como-criar-conteudo-para-o-instagram,Marketing,Guia Rápido: Como Criar Conteúdo para o Instagram
https://pt.wix.com/blog/2018/09/como-conseguir-assinantes-youtube,Marketing,Como Conseguir Mais Assinantes no YouTube
https://pt.wix.com/blog/2020/12/retrospectiva-ecommerce-2020,eCommerce,"2020, o Ano do eCommerce"
https://pt.wix.com/blog/2014/06/recursos-de-ecommerce-do-wix,eCommerce,Conheça os Mais Novos Recursos de eCommerce do Wix!
https://pt.wix.com/blog/2021/03/video-desenvolva-sua-estrategia-de-ecommerce-2021,eCommerce,Vídeo: Como Desenvolver Sua Estratégia de eCommerce Para 2021
https://pt.wix.com/blog/2017/05/seo-local-como-o-google-e-importante-mesmo-fora-da-internet,Marketing,SEO Local: Como o Google É Importante Mesmo Fora da Internet
https://pt.wix.com/blog/2016/05/wix-bookings-como-agendamentos-online-podem-ajudar-o-seu-negocio,Business,Wix Bookings: Como Agendamentos Online Podem Ajudar o Seu Negócio
https://pt.wix.com/blog/2018/07/fotos-incriveis-verao,Photography,#N/A
https://pt.wix.com/blog/2014/04/dicas-de-web-design-para-um-site-profissional,Web design,5 Dicas de Web Design Para Ter Um Site Profissional
https://pt.wix.com/blog/2018/04/5-poderosas-ferramentas-do-google-que-toda-empresa-precisa,Marketing,5 Poderosas Ferramentas do Google que Toda Empresa Precisa
https://pt.wix.com/blog/2018/02/6-tecnicas-de-outreach-marketing-para-promover-seu-site,Marketing,6 Técnicas de Outreach Marketing para Promover Seu Site
https://pt.wix.com/blog/2020/06/dicas-entrevista-de-emprego-online,Business,Entrevista de Emprego: Dicas Para um Processo Seletivo Online
https://pt.wix.com/blog/2016/09/como-um-blog-pode-destacar-seu-negocio,Website creation,Como Um Blog Pode Destacar Seu Negócio
https://pt.wix.com/blog/2015/06/12-sites-de-restaurantes-e-catering-de-dar-agua-na-boca/,Web design,12 Sites de Restaurantes e Catering de Dar Água na Boca
https://pt.wix.com/blog/2017/07/caso-de-sucesso-wix-conheca-britney-jeanine,Website creation,Caso de Sucesso Wix – Conheça Britney Jeanine
https://pt.wix.com/blog/2018/04/como-aumentar-o-trafego-para-seu-site-8-formas-efetivas,Marketing,#N/A
https://pt.wix.com/blog/2018/02/dicas-da-especialista-como-promover-seus-videos-online,Marketing,Dicas da Especialista: Como Promover Seus Vídeos Online
https://pt.wix.com/blog/2017/07/aumente-facilmente-sua-comunidade-com-wix-forum,Marketing,#N/A
https://pt.wix.com/blog/2024/03/ltv-cac/,Business,O guia completo para calcular LTV e CAC: uma abordagem prática
https://pt.wix.com/blog/2016/10/10-tipos-de-profissionais-que-usam-o-wix-bookings,Web design,10 Tipos de Profissionais que Usam o Wix Bookings
https://pt.wix.com/blog/2016/11/como-planejar-um-evento-com-o-wix-events,Website creation,Como Planejar Um Evento Com o Wix Events
https://pt.wix.com/blog/2013/07/como-organizar-um-evento-de-sucesso,Website creation,Como Organizar Um Evento de Sucesso
https://pt.wix.com/blog/2015/01/campanha-wix-itsthateasy-para-o-super-bowl/,Marketing,Campanha Wix #ItsThatEasy Para o Super Bowl!
https://pt.wix.com/blog/2016/07/como-criar-um-conteudo-estrategico-para-as-redes-sociais,Marketing,Como Criar um Conteúdo Estratégico para as Redes Sociais
https://pt.wix.com/blog/2012/08/novo-ecommerce-chegou-ao-wix,eCommerce,#N/A
https://pt.wix.com/blog/2018/02/ferramentas-essenciais-para-administrar-suas-redes-sociais,Marketing,Ferramentas Essenciais para Administrar suas Redes Sociais
https://pt.wix.com/blog/2012/12/como-medir-o-sucesso-de-um-site,Marketing,Como Medir O Sucesso de Um Site